"PrecinctName","native_n"
"",238
"01-600",669
"01-610",228
"01-620",686
"01-640",25
"01-650",34
"01-660",215
"01-670",474
"01-675",119
"01-680",771
"01-690",824
"02-700",213
"02-705",112
"02-720",400
"02-725",210
"02-730",280
"02-735",2
"02-740",563
"02-750",17
"02-755",30
"02-760",15
"02-765",605
"02-770",178
"02-775",72
"02-780",10
"02-785",266
"03-300",184
"03-305",185
"03-310",222
"03-315",92
"03-320",865
"03-325",42
"03-330",40
"03-335",4
"03-340",30
"03-345",13
"04-100",124
"04-105",121
"04-110",173
"04-115",67
"04-120",23
"04-125",438
"04-130",190
"04-135",130
"05-800",10
"05-810",68
"05-815",68
"05-820",118
"05-825",39
"05-830",1408
"05-835",68
"05-840",90
"05-845",122
"05-860",23
"05-865",46
"05-870",22
"06-200",21
"06-210",12
"06-220",1
"06-230",36
"06-240",32
"06-250",6
"06-260",51
"06-270",121
"06-280",226
"07-005",74
"07-010",82
"07-015",176
"07-020",36
"07-025",18
"07-030",210
"08-035",38
"08-040",4
"08-045",6
"08-050",19
"08-055",1
"08-060",443
"08-065",1
"08-070",55
"08-075",158
"08-080",25
"08-085",24
"09-105",3
"09-110",2
"09-115",42
"09-120",50
"09-125",46
"09-130",27
"09-135",12
"09-140",1
"09-145",2
"10-150",420
"10-155",147
"10-160",17
"10-165",104
"10-170",33
"10-175",70
"11-205",462
"11-210",104
"11-215",61
"11-220",59
"11-225",25
"11-230",14
"11-235",14
"12-250",203
"12-255",27
"12-260",91
"12-265",163
"12-270",128
"12-275",32
"13-305",25
"13-310",1714
"13-315",168
"13-320",905
"13-325",368
"14-350",57
"14-355",354
"14-360",335
"14-365",1166
"14-370",358
"14-375",791
"14-380",198
"15-405",34
"15-410",71
"15-415",768
"15-420",332
"15-425",79
"15-430",33
"16-450",14
"16-455",87
"16-460",307
"16-465",636
"16-470",75
"16-475",575
"16-480",731
"17-505",95
"17-510",22
"17-515",10
"17-520",857
"17-525",1181
"17-530",631
"17-535",619
"18-550",53
"18-555",68
"18-556",11
"18-560",207
"18-565",245
"19-605",171
"19-610",509
"19-615",306
"19-620",431
"19-625",145
"20-650",122
"20-655",1130
"20-660",803
"20-665",634
"20-670",443
"21-705",332
"21-710",86
"21-715",571
"21-720",303
"21-725",1027
"22-750",191
"22-755",740
"22-760",1090
"22-765",90
"23-805",57
"23-810",34
"23-815",24
"23-820",25
"23-825",21
"23-830",16
"24-850",26
"24-855",22
"24-860",166
"24-865",395
"24-870",73
"24-875",20
"24-880",29
"25-305",44
"25-310",57
"25-315",61
"25-320",129
"25-325",110
"25-330",38
"25-335",41
"26-350",18
"26-355",14
"26-360",122
"26-365",130
"26-370",101
"26-375",37
"26-380",95
"27-405",106
"27-410",74
"27-415",81
"27-420",1252
"27-425",414
"28-450",49
"28-455",18
"28-460",34
"28-465",49
"28-470",31
"28-475",47
"28-480",47
"29-505",34
"29-510",111
"29-515",305
"29-520",44
"29-525",20
"29-530",143
"29-535",18
"29-540",28
"29-545",21
"30-550",6
"30-555",66
"30-560",2
"30-565",1
"30-570",15
"30-575",4
"30-580",44
"30-585",772
"30-590",3
"30-595",4
"30-600",5
"30-605",22
"31-446",477
"31-455",839
"31-480",363
"31-485",2225
"32-355",119
"32-365",431
"32-375",38
"32-385",95
"33-130",79
"33-135",42
"33-155",5
"33-165",359
"33-175",81
"33-183",389
"34-235",19
"34-238",1
"34-240",38
"34-260",10
"34-263",81
"34-265",92
"34-270",59
"34-280",13
"35-580",36
"35-582",638
"35-584",30
"35-586",310
"35-587",421
"35-592",417
"35-595",47
"35-596",1346
"36-001",40
"36-002",24
"36-010",14
"36-014",37
"36-018",82
"36-022",41
"36-026",16
"36-034",70
"36-038",87
"36-042",89
"36-046",511
"36-050",5
"36-054",31
"36-058",1
"36-062",23
"36-066",297
"36-070",122
"36-074",254
"36-078",228
"36-082",90
"36-086",98
"36-090",42
"36-094",60
"36-098",28
"36-102",280
"36-106",48
"36-110",73
"36-114",102
"36-118",11
"36-122",95
"36-126",191
"36-130",47
"36-134",118
"36-138",47
"36-142",73
"36-146",42
"36-162",109
"36-166",45
"36-170",235
"36-174",106
"37-700",96
"37-702",118
"37-704",66
"37-706",13
"37-707",72
"37-708",123
"37-709",20
"37-710",31
"37-712",28
"37-713",57
"37-714",1108
"37-716",65
"37-718",58
"37-719",164
"37-720",238
"37-722",201
"37-724",96
"37-726",151
"37-728",121
"37-730",30
"37-731",116
"37-732",268
"37-734",261
"37-736",247
"37-738",179
"37-740",9
"37-742",13
"37-744",298
"37-746",60
"37-748",35
"37-750",27
"37-752",138
"37-754",461
"37-756",197
"37-758",99
"38-800",378
"38-802",14
"38-806",188
"38-808",1350
"38-810",1188
"38-812",272
"38-813",439
"38-818",39
"38-822",331
"38-824",294
"38-826",289
"38-828",66
"38-830",17
"38-836",102
"38-838",34
"38-840",226
"38-842",157
"38-844",117
"38-846",279
"38-848",409
"38-852",360
"38-854",238
"38-856",40
"38-858",42
"39-900",333
"39-902",212
"39-906",25
"39-908",154
"39-910",448
"39-912",351
"39-914",89
"39-916",554
"39-918",176
"39-920",163
"39-921",218
"39-922",371
"39-924",642
"39-926",1098
"39-928",82
"39-930",310
"39-931",186
"39-932",293
"39-934",305
"39-936",120
"39-938",341
"39-940",341
"39-942",190
"39-944",276
"39-946",113
"39-948",205
"39-950",45
"39-952",106
"40-002",21
"40-004",178
"40-006",130
"40-008",455
"40-010",884
"40-012",260
"40-014",79
"40-016",121
"40-018",210
"40-020",10
"40-022",66
"40-024",1292
"40-026",287
"40-028",302
"40-030",208
"40-032",367
"40-034",110
"40-036",69
"40-038",124
"40-040",301
